municipality,zip_code,ev_count
ALDEN,60001,0
ANTIOCH,60002,65
ARLINGTON HEIGHTS,60004,247
ARLINGTON HEIGHTS,60005,150
ARLINGTON HEIGHTS,60006,0
ELK GROVE VILLAGE,60007,156
ROLLING MEADOWS,60008,73
ELK GROVE VILLAGE,60009,0
BARRINGTON,60010,717
BARRINGTON,60011,0
CRYSTAL LAKE,60012,67
CARY,60013,93
CRYSTAL LAKE,60014,177
DEERFIELD,60015,482
DES PLAINES,60016,200
DES PLAINES,60017,0
DES PLAINES,60018,101
DES PLAINES,60019,0
FOX LAKE,60020,22
FOX RIVER GROVE,60021,30
GLENCOE,60022,284
GLENVIEW,60025,364
GLENVIEW,60026,205
GOLF,60029,15
GRAYSLAKE,60030,143
GURNEE,60031,207
HARVARD,60033,13
HEBRON,60034,4
HIGHLAND PARK,60035,855
FORT SHERIDAN,60037,0
PALATINE,60038,0
CRYSTAL LAKE,60039,2
HIGHWOOD,60040,26
INGLESIDE,60041,12
ISLAND LAKE,60042,17
KENILWORTH,60043,51
LAKE BLUFF,60044,119
LAKE FOREST,60045,344
LAKE VILLA,60046,114
LAKE ZURICH,60047,461
LIBERTYVILLE,60048,311
LONG GROVE,60049,0
MCHENRY,60050,53
MCHENRY,60051,58
METTAWA,60052,1
MORTON GROVE,60053,154
PALATINE,60055,1
MOUNT PROSPECT,60056,164
MOUNT PROSPECT,60057,0
MOUNT PROSPECT,60058,0
MUNDELEIN,60060,160
VERNON HILLS,60061,251
NORTHBROOK,60062,660
NORTH CHICAGO,60064,8
NORTHBROOK,60065,0
PALATINE,60067,308
PARK RIDGE,60068,276
LINCOLNSHIRE,60069,141
PROSPECT HEIGHTS,60070,43
RICHMOND,60071,18
RINGWOOD,60072,6
ROUND LAKE,60073,133
PALATINE,60074,94
RUSSELL,60075,1
SKOKIE,60076,167
SKOKIE,60077,112
PALATINE,60078,1
WAUKEGAN,60079,0
SPRING GROVE,60081,27
TECHNY,60082,0
WADSWORTH,60083,63
WAUCONDA,60084,66
WAUKEGAN,60085,48
NORTH CHICAGO,60086,0
WAUKEGAN,60087,35
GREAT LAKES,60088,3
BUFFALO GROVE,60089,340
WHEELING,60090,132
WILMETTE,60091,433
LIBERTYVILLE,60092,0
WINNETKA,60093,436
PALATINE,60094,0
PALATINE,60095,0
WINTHROP HARBOR,60096,11
WONDER LAKE,60097,17
WOODSTOCK,60098,87
ZION,60099,30
ADDISON,60101,101
ALGONQUIN,60102,118
BARTLETT,60103,250
BELLWOOD,60104,10
BENSENVILLE,60105,0
BENSENVILLE,60106,38
STREAMWOOD,60107,140
BLOOMINGDALE,60108,148
BURLINGTON,60109,0
CARPENTERSVILLE,60110,73
CLARE,60111,1
CORTLAND,60112,7
CRESTON,60113,2
DEKALB,60115,63
CAROL STREAM,60116,0
BLOOMINGDALE,60117,0
DUNDEE,60118,77
ELBURN,60119,49
ELGIN,60120,88
ELGIN,60121,2
CAROL STREAM,60122,0
ELGIN,60123,71
ELGIN,60124,150
CAROL STREAM,60125,0
ELMHURST,60126,414
CAROL STREAM,60128,0
ESMOND,60129,0
FOREST PARK,60130,46
FRANKLIN PARK,60131,35
CAROL STREAM,60132,0
HANOVER PARK,60133,76
GENEVA,60134,189
GENOA,60135,8
GILBERTS,60136,45
GLEN ELLYN,60137,299
GLEN ELLYN,60138,0
GLENDALE HEIGHTS,60139,64
HAMPSHIRE,60140,79
HINES,60141,0
HUNTLEY,60142,120
ITASCA,60143,78
KANEVILLE,60144,0
KINGSTON,60145,4
KIRKLAND,60146,1
LAFOX,60147,0
LOMBARD,60148,293
MALTA,60150,2
MAPLE PARK,60151,5
MARENGO,60152,27
MAYWOOD,60153,20
WESTCHESTER,60154,34
BROADVIEW,60155,12
LAKE IN THE HILLS,60156,86
MEDINAH,60157,22
SCHAUMBURG,60159,0
MELROSE PARK,60160,27
MELROSE PARK,60161,0
HILLSIDE,60162,16
BERKELEY,60163,6
MELROSE PARK,60164,22
STONE PARK,60165,4
SCHAUMBURG,60168,1
HOFFMAN ESTATES,60169,105
PLATO CENTER,60170,0
RIVER GROVE,60171,15
ROSELLE,60172,106
SCHAUMBURG,60173,158
SAINT CHARLES,60174,164
SAINT CHARLES,60175,189
SCHILLER PARK,60176,23
SOUTH ELGIN,60177,88
SYCAMORE,60178,44
HOFFMAN ESTATES,60179,0
UNION,60180,2
VILLA PARK,60181,110
WASCO,60183,1
WAYNE,60184,30
WEST CHICAGO,60185,124
WEST CHICAGO,60186,0
WHEATON,60187,137
CAROL STREAM,60188,144
WHEATON,60189,169
WINFIELD,60190,78
WOOD DALE,60191,52
HOFFMAN ESTATES,60192,152
SCHAUMBURG,60193,188
SCHAUMBURG,60194,96
SCHAUMBURG,60195,16
SCHAUMBURG,60196,1
CAROL STREAM,60197,0
CAROL STREAM,60199,0
EVANSTON,60201,315
EVANSTON,60202,226
EVANSTON,60203,38
EVANSTON,60204,0
EVANSTON,60208,13
EVANSTON,60209,0
MCHENRY,60296,0
MCHENRY,60297,0
OAK PARK,60301,21
OAK PARK,60302,333
OAK PARK,60303,0
OAK PARK,60304,120
RIVER FOREST,60305,119
FRANKLIN PARK,60398,0
WOOD DALE,60399,0
BEECHER,60401,20
BERWYN,60402,79
CREST HILL,60403,15
SHOREWOOD,60404,72
BLUE ISLAND,60406,21
BRACEVILLE,60407,0
BRAIDWOOD,60408,7
CALUMET CITY,60409,16
CHANNAHON,60410,23
CHICAGO HEIGHTS,60411,41
CHICAGO HEIGHTS,60412,0
CHICAGO RIDGE,60415,16
COAL CITY,60416,5
CRETE,60417,35
CRESTWOOD,60418,15
DOLTON,60419,9
DWIGHT,60420,0
ELWOOD,60421,10
FLOSSMOOR,60422,72
FRANKFORT,60423,214
GARDNER,60424,1
GLENWOOD,60425,10
HARVEY,60426,15
MARKHAM,60428,8
HAZEL CREST,60429,20
HOMEWOOD,60430,57
JOLIET,60431,52
JOLIET,60432,22
JOLIET,60433,10
JOLIET,60434,0
JOLIET,60435,62
JOLIET,60436,9
KINSMAN,60437,0
LANSING,60438,35
LEMONT,60439,154
BOLINGBROOK,60440,140
LOCKPORT,60441,92
MANHATTAN,60442,28
MATTESON,60443,37
MAZON,60444,7
MIDLOTHIAN,60445,10
ROMEOVILLE,60446,82
MINOOKA,60447,22
MOKENA,60448,99
MONEE,60449,22
MORRIS,60450,40
NEW LENOX,60451,88
OAK FOREST,60452,39
OAK LAWN,60453,90
OAK LAWN,60454,0
BRIDGEVIEW,60455,34
HOMETOWN,60456,2
HICKORY HILLS,60457,37
JUSTICE,60458,13
BURBANK,60459,41
ODELL,60460,0
OLYMPIA FIELDS,60461,27
ORLAND PARK,60462,182
PALOS HEIGHTS,60463,52
PALOS PARK,60464,72
PALOS HILLS,60465,50
PARK FOREST,60466,18
ORLAND PARK,60467,181
PEOTONE,60468,9
POSEN,60469,3
RANSOM,60470,0
RICHTON PARK,60471,11
ROBBINS,60472,0
SOUTH HOLLAND,60473,38
SOUTH WILMINGTON,60474,0
STEGER,60475,9
THORNTON,60476,6
TINLEY PARK,60477,82
COUNTRY CLUB HILLS,60478,25
VERONA,60479,0
WILLOW SPRINGS,60480,34
WILMINGTON,60481,16
WORTH,60482,7
TINLEY PARK,60483,0
UNIVERSITY PARK,60484,6
TINLEY PARK,60487,81
BOLINGBROOK,60490,165
HOMER GLEN,60491,111
BEDFORD PARK,60499,0
SUMMIT ARGO,60501,10
AURORA,60502,203
AURORA,60503,79
AURORA,60504,189
AURORA,60505,37
AURORA,60506,85
AURORA,60507,2
BATAVIA,60510,148
BIG ROCK,60511,1
BRISTOL,60512,4
BROOKFIELD,60513,45
CLARENDON HILLS,60514,120
DOWNERS GROVE,60515,232
DOWNERS GROVE,60516,132
WOODRIDGE,60517,161
EARLVILLE,60518,6
EOLA,60519,0
HINCKLEY,60520,2
HINSDALE,60521,445
HINSDALE,60522,1
OAK BROOK,60523,329
LA GRANGE,60525,207
LA GRANGE PARK,60526,74
WILLOWBROOK,60527,422
LEE,60530,0
LELAND,60531,3
LISLE,60532,202
LYONS,60534,12
MILLBROOK,60536,1
MILLINGTON,60537,0
MONTGOMERY,60538,54
MOOSEHEART,60539,0
NAPERVILLE,60540,482
NEWARK,60541,6
NORTH AURORA,60542,49
OSWEGO,60543,144
PLAINFIELD,60544,109
PLANO,60545,22
RIVERSIDE,60546,105
SANDWICH,60548,11
SERENA,60549,1
SHABBONA,60550,5
SHERIDAN,60551,2
SOMONAUK,60552,7
STEWARD,60553,1
SUGAR GROVE,60554,57
WARRENVILLE,60555,69
WATERMAN,60556,6
WEDRON,60557,0
WESTERN SPRINGS,60558,146
WESTMONT,60559,144
YORKVILLE,60560,88
DARIEN,60561,154
NAPERVILLE,60563,305
NAPERVILLE,60564,604
NAPERVILLE,60565,347
NAPERVILLE,60566,1
NAPERVILLE,60567,0
AURORA,60568,0
HINSDALE,60570,0
AURORA,60572,0
PLAINFIELD,60585,219
PLAINFIELD,60586,141
FOX VALLEY,60597,0
AURORA,60598,0
FOX VALLEY,60599,0
CHICAGO,60601,145
CHICAGO,60602,26
CHICAGO,60603,23
CHICAGO,60604,7
CHICAGO,60605,233
CHICAGO,60606,70
CHICAGO,60607,252
CHICAGO,60608,144
CHICAGO,60609,68
CHICAGO,60610,270
CHICAGO,60611,325
CHICAGO,60612,107
CHICAGO,60613,221
CHICAGO,60614,657
CHICAGO,60615,131
CHICAGO,60616,193
CHICAGO,60617,41
CHICAGO,60618,391
CHICAGO,60619,34
CHICAGO,60620,35
CHICAGO,60621,8
CHICAGO,60622,428
CHICAGO,60623,21
CHICAGO,60624,17
CHICAGO,60625,214
CHICAGO,60626,83
CHICAGO,60628,24
CHICAGO,60629,42
CHICAGO,60630,141
CHICAGO,60631,72
CHICAGO,60632,56
CHICAGO,60633,14
CHICAGO,60634,107
CHICAGO,60636,3
CHICAGO,60637,59
CHICAGO,60638,51
CHICAGO,60639,42
CHICAGO,60640,188
CHICAGO,60641,135
CHICAGO,60643,85
CHICAGO,60644,13
CHICAGO,60645,74
CHICAGO,60646,128
CHICAGO,60647,402
CHICAGO,60649,34
CHICAGO,60651,36
CHICAGO,60652,22
CHICAGO,60653,78
CHICAGO,60654,210
CHICAGO,60655,31
CHICAGO,60656,60
CHICAGO,60657,405
CHICAGO,60659,48
CHICAGO,60660,109
CHICAGO,60661,126
CHICAGO,60663,0
CHICAGO,60664,1
CHICAGO,60666,2
CHICAGO,60668,0
CHICAGO,60669,0
CHICAGO,60670,0
CHICAGO,60673,0
CHICAGO,60674,0
CHICAGO,60675,0
CHICAGO,60677,0
CHICAGO,60678,0
CHICAGO,60679,0
CHICAGO,60680,0
CHICAGO,60681,1
CHICAGO,60682,0
CHICAGO,60684,0
CHICAGO,60685,0
CHICAGO,60686,0
CHICAGO,60687,0
CHICAGO,60688,0
CHICAGO,60689,0
CHICAGO,60690,0
CHICAGO,60691,0
CHICAGO,60693,1
CHICAGO,60694,0
CHICAGO,60695,0
CHICAGO,60696,0
CHICAGO,60697,0
CHICAGO,60699,0
CHICAGO,60701,0
HARWOOD HEIGHTS,60706,51
ELMWOOD PARK,60707,76
LINCOLNWOOD,60712,141
NILES,60714,78
ALSIP,60803,24
CICERO,60804,42
EVERGREEN PARK,60805,31
RIVERDALE,60827,7
KANKAKEE,60901,25
AROMA PARK,60910,0
ASHKUM,60911,1
BEAVERVILLE,60912,0
BONFIELD,60913,1
BOURBONNAIS,60914,47
BRADLEY,60915,2
BUCKINGHAM,60917,0
BUCKLEY,60918,0
CABERY,60919,1
CAMPUS,60920,0
CHATSWORTH,60921,1
CHEBANSE,60922,0
CISSNA PARK,60924,1
CLAYTONVILLE,60926,0
CLIFTON,60927,1
CRESCENT CITY,60928,0
CULLOM,60929,0
DANFORTH,60930,1
DONOVAN,60931,0
EAST LYNN,60932,0
ELLIOTT,60933,0
EMINGTON,60934,0
ESSEX,60935,1
GIBSON CITY,60936,1
GILMAN,60938,4
GOODWINE,60939,0
GRANT PARK,60940,2
HERSCHER,60941,1
HOOPESTON,60942,7
HOPKINS PARK,60944,0
IROQUOIS,60945,0
KEMPTON,60946,1
LODA,60948,4
LUDLOW,60949,0
MANTENO,60950,21
MARTINTON,60951,0
MELVIN,60952,0
MILFORD,60953,0
MOMENCE,60954,6
ONARGA,60955,1
PAPINEAU,60956,0
PAXTON,60957,3
PEMBROKE TOWNSHIP,60958,4
PIPER CITY,60959,3
RANKIN,60960,2
REDDICK,60961,0
ROBERTS,60962,0
ROSSVILLE,60963,0
SAINT ANNE,60964,3
SHELDON,60966,0
STOCKLAND,60967,0
THAWVILLE,60968,1
UNION HILL,60969,0
WATSEKA,60970,7
WELLINGTON,60973,0
WOODLAND,60974,0
APPLE RIVER,61001,2
ASHTON,61006,3
BAILEYVILLE,61007,0
BELVIDERE,61008,57
BYRON,61010,11
CALEDONIA,61011,6
CAPRON,61012,2
CEDARVILLE,61013,0
CHADWICK,61014,2
CHANA,61015,0
CHERRY VALLEY,61016,11
DAKOTA,61018,0
DAVIS,61019,5
DAVIS JUNCTION,61020,4
DIXON,61021,18
DURAND,61024,0
EAST DUBUQUE,61025,9
ELEROY,61027,0
ELIZABETH,61028,1
FORRESTON,61030,0
FRANKLIN GROVE,61031,1
FREEPORT,61032,22
GALENA,61036,24
GALT,61037,0
GARDEN PRAIRIE,61038,0
GERMAN VALLEY,61039,0
HANOVER,61041,3
HARMON,61042,0
HOLCOMB,61043,0
KENT,61044,0
LANARK,61046,2
LEAF RIVER,61047,4
LENA,61048,1
LINDENWOOD,61049,0
MC CONNELL,61050,0
MILLEDGEVILLE,61051,0
MONROE CENTER,61052,0
MOUNT CARROLL,61053,0
MOUNT MORRIS,61054,1
NACHUSA,61057,0
NELSON,61058,0
NORA,61059,0
ORANGEVILLE,61060,0
OREGON,61061,20
PEARL CITY,61062,1
PECATONICA,61063,5
POLO,61064,1
POPLAR GROVE,61065,18
RIDOTT,61067,1
ROCHELLE,61068,9
ROCK CITY,61070,1
ROCK FALLS,61071,11
ROCKTON,61072,20
ROSCOE,61073,36
SAVANNA,61074,3
SCALES MOUND,61075,5
SEWARD,61077,0
SHANNON,61078,0
SHIRLAND,61079,2
SOUTH BELOIT,61080,15
STERLING,61081,26
STILLMAN VALLEY,61084,4
STOCKTON,61085,1
WARREN,61087,1
WINNEBAGO,61088,9
WINSLOW,61089,3
WOOSUNG,61091,0
ROCKFORD,61101,13
ROCKFORD,61102,11
ROCKFORD,61103,24
ROCKFORD,61104,5
ROCKFORD,61105,0
ROCKFORD,61106,0
ROCKFORD,61107,76
ROCKFORD,61108,32
ROCKFORD,61109,28
ROCKFORD,61110,0
LOVES PARK,61111,40
ROCKFORD,61112,1
ROCKFORD,61114,54
MACHESNEY PARK,61115,29
ROCKFORD,61125,0
ROCKFORD,61126,0
LOVES PARK,61130,0
LOVES PARK,61131,0
LOVES PARK,61132,0
ROCK ISLAND,61201,27
ROCK ISLAND,61204,0
ALBANY,61230,0
ALEDO,61231,1
ANDALUSIA,61232,3
ANDOVER,61233,0
ANNAWAN,61234,0
ATKINSON,61235,1
BARSTOW,61236,0
BUFFALO PRAIRIE,61237,0
CAMBRIDGE,61238,3
CARBON CLIFF,61239,1
COAL VALLEY,61240,8
COLONA,61241,7
CORDOVA,61242,0
DEER GROVE,61243,1
EAST MOLINE,61244,18
ERIE,61250,0
FENTON,61251,0
FULTON,61252,3
GENESEO,61254,10
HAMPTON,61256,2
HILLSDALE,61257,1
HOOPPOLE,61258,0
ILLINOIS CITY,61259,0
JOY,61260,0
LYNDON,61261,0
LYNN CENTER,61262,1
MATHERVILLE,61263,0
MILAN,61264,10
MOLINE,61265,34
MOLINE,61266,0
MORRISON,61270,3
NEW BOSTON,61272,0
ORION,61273,5
OSCO,61274,1
PORT BYRON,61275,8
PREEMPTION,61276,0
PROPHETSTOWN,61277,2
RAPIDS CITY,61278,0
REYNOLDS,61279,1
SHERRARD,61281,2
SILVIS,61282,5
TAMPICO,61283,1
TAYLOR RIDGE,61284,4
THOMSON,61285,0
ROCK ISLAND,61299,0
LA SALLE,61301,7
AMBOY,61310,0
ANCONA,61311,0
ARLINGTON,61312,1
BLACKSTONE,61313,0
BUDA,61314,0
BUREAU,61315,0
CEDAR POINT,61316,0
CHERRY,61317,1
COMPTON,61318,0
CORNELL,61319,1
DALZELL,61320,1
DANA,61321,0
DEPUE,61322,0
DOVER,61323,1
ELDENA,61324,0
GRAND RIDGE,61325,0
GRANVILLE,61326,1
HENNEPIN,61327,3
KASBEER,61328,0
LADD,61329,0
LA MOILLE,61330,0
LEE CENTER,61331,0
LEONORE,61332,0
LONG POINT,61333,3
LOSTANT,61334,2
MC NABB,61335,0
MAGNOLIA,61336,0
MALDEN,61337,0
MANLIUS,61338,0
MARK,61340,0
MARSEILLES,61341,8
MENDOTA,61342,11
MINERAL,61344,1
NEPONSET,61345,1
NEW BEDFORD,61346,0
OGLESBY,61348,4
OHIO,61349,0
OTTAWA,61350,22
PAW PAW,61353,0
PERU,61354,12
PRINCETON,61356,6
RUTLAND,61358,0
SEATONVILLE,61359,1
SENECA,61360,6
SHEFFIELD,61361,1
SPRING VALLEY,61362,3
STANDARD,61363,0
STREATOR,61364,8
SUBLETTE,61367,2
TISKILWA,61368,0
TOLUCA,61369,2
TONICA,61370,1
TRIUMPH,61371,0
TROY GROVE,61372,0
UTICA,61373,5
VAN ORIN,61374,0
VARNA,61375,0
WALNUT,61376,5
WENONA,61377,0
WEST BROOKLYN,61378,1
WYANET,61379,0
GALESBURG,61401,18
GALESBURG,61402,1
ABINGDON,61410,1
ADAIR,61411,0
ALEXIS,61412,1
ALPHA,61413,0
ALTONA,61414,0
AVON,61415,0
BARDOLPH,61416,0
BERWICK,61417,0
BIGGSVILLE,61418,1
BISHOP HILL,61419,1
BLANDINSVILLE,61420,2
BRADFORD,61421,0
BUSHNELL,61422,1
CAMERON,61423,1
CAMP GROVE,61424,0
CARMAN,61425,0
CASTLETON,61426,0
CUBA,61427,1
DAHINDA,61428,3
EAST GALESBURG,61430,1
ELLISVILLE,61431,0
FAIRVIEW,61432,0
FIATT,61433,0
GALVA,61434,4
GERLAW,61435,0
GILSON,61436,2
GLADSTONE,61437,0
GOOD HOPE,61438,0
HENDERSON,61439,1
INDUSTRY,61440,0
IPAVA,61441,0
KEITHSBURG,61442,0
KEWANEE,61443,5
KIRKWOOD,61447,0
KNOXVILLE,61448,4
LA FAYETTE,61449,0
LA HARPE,61450,0
LAURA,61451,2
LITTLETON,61452,0
LITTLE YORK,61453,0
LOMAX,61454,0
MACOMB,61455,10
MAQUON,61458,0
MARIETTA,61459,0
MEDIA,61460,0
MONMOUTH,61462,5
NEW WINDSOR,61465,1
NORTH HENDERSON,61466,0
ONEIDA,61467,1
OPHIEM,61468,0
OQUAWKA,61469,2
PRAIRIE CITY,61470,0
RARITAN,61471,0
RIO,61472,0
ROSEVILLE,61473,0
SAINT AUGUSTINE,61474,0
SCIOTA,61475,0
SEATON,61476,0
SMITHFIELD,61477,0
SMITHSHIRE,61478,2
SPEER,61479,0
STRONGHURST,61480,0
TABLE GROVE,61482,0
TOULON,61483,2
VERMONT,61484,0
VICTORIA,61485,0
VIOLA,61486,0
WATAGA,61488,3
WILLIAMSFIELD,61489,0
WOODHULL,61490,1
WYOMING,61491,1
ASTORIA,61501,0
BENSON,61516,1
BRIMFIELD,61517,5
BRYANT,61519,0
CANTON,61520,6
CHILLICOTHE,61523,11
DUNFERMLINE,61524,0
DUNLAP,61525,58
EDELSTEIN,61526,4
EDWARDS,61528,15
ELMWOOD,61529,0
EUREKA,61530,6
FARMINGTON,61531,0
FOREST CITY,61532,0
GLASFORD,61533,2
GREEN VALLEY,61534,1
GROVELAND,61535,3
HANNA CITY,61536,1
HENRY,61537,0
KINGSTON MINES,61539,0
LACON,61540,1
LA ROSE,61541,0
LEWISTOWN,61542,1
LIVERPOOL,61543,0
LONDON MILLS,61544,0
LOWPOINT,61545,0
MANITO,61546,2
MAPLETON,61547,5
METAMORA,61548,21
MORTON,61550,55
MOSSVILLE,61552,0
NORRIS,61553,0
PEKIN,61554,29
PEKIN,61555,0
PEKIN,61558,0
PRINCEVILLE,61559,5
PUTNAM,61560,3
ROANOKE,61561,1
ROME,61562,0
SAINT DAVID,61563,0
SOUTH PEKIN,61564,0
SPARLAND,61565,3
TOPEKA,61567,1
TREMONT,61568,6
TRIVOLI,61569,0
WASHBURN,61570,3
WASHINGTON,61571,54
YATES CITY,61572,2
PEORIA,61601,0
PEORIA,61602,10
PEORIA,61603,10
PEORIA,61604,23
PEORIA,61605,2
PEORIA,61606,20
PEORIA,61607,14
CREVE COEUR,61610,0
EAST PEORIA,61611,52
PEORIA,61612,1
PEORIA,61613,0
PEORIA,61614,60
PEORIA,61615,95
PEORIA HEIGHTS,61616,5
PEORIA,61625,0
PEORIA,61629,0
PEORIA,61630,0
PEORIA,61633,0
PEORIA,61634,0
PEORIA,61635,1
PEORIA,61636,0
PEORIA,61637,0
PEORIA,61638,0
PEORIA,61639,0
PEORIA,61640,0
PEORIA,61641,0
PEORIA,61643,0
PEORIA,61650,0
PEORIA,61651,0
PEORIA,61652,0
PEORIA,61653,0
PEORIA,61654,0
PEORIA,61655,0
PEORIA,61656,2
BLOOMINGTON,61701,120
BLOOMINGTON,61702,0
BLOOMINGTON,61704,203
BLOOMINGTON,61709,0
BLOOMINGTON,61710,1
ANCHOR,61720,0
ARMINGTON,61721,1
ARROWSMITH,61722,0
ATLANTA,61723,0
BELLFLOWER,61724,1
CARLOCK,61725,2
CHENOA,61726,5
CLINTON,61727,11
COLFAX,61728,1
CONGERVILLE,61729,5
COOKSVILLE,61730,0
CROPSEY,61731,0
DANVERS,61732,3
DEER CREEK,61733,2
DELAVAN,61734,1
DEWITT,61735,1
DOWNS,61736,4
ELLSWORTH,61737,2
EL PASO,61738,8
FAIRBURY,61739,0
FLANAGAN,61740,0
FORREST,61741,2
GOODFIELD,61742,3
GRAYMONT,61743,0
GRIDLEY,61744,2
HEYWORTH,61745,10
HOPEDALE,61747,3
HUDSON,61748,7
KENNEY,61749,0
LANE,61750,0
LAWNDALE,61751,0
LE ROY,61752,1
LEXINGTON,61753,5
MC LEAN,61754,1
MACKINAW,61755,2
MAROA,61756,4
MERNA,61758,0
MINIER,61759,1
MINONK,61760,2
NORMAL,61761,170
PONTIAC,61764,13
SAUNEMIN,61769,1
SAYBROOK,61770,2
SECOR,61771,0
SHIRLEY,61772,0
SIBLEY,61773,0
STANFORD,61774,0
STRAWN,61775,1
TOWANDA,61776,5
WAPELLA,61777,2
WAYNESVILLE,61778,0
NORMAL,61790,0
BLOOMINGTON,61791,0
BLOOMINGTON,61799,0
URBANA,61801,48
URBANA,61802,48
URBANA,61803,0
ALLERTON,61810,0
ALVIN,61811,0
ARMSTRONG,61812,0
BEMENT,61813,0
BISMARCK,61814,0
BONDVILLE,61815,0
BROADLANDS,61816,1
CATLIN,61817,0
CERRO GORDO,61818,2
CHAMPAIGN,61820,49
CHAMPAIGN,61821,63
CHAMPAIGN,61822,137
CHAMPAIGN,61824,0
CHAMPAIGN,61825,2
CHAMPAIGN,61826,1
CISCO,61830,0
COLLISON,61831,1
DANVILLE,61832,17
TILTON,61833,1
DANVILLE,61834,9
DE LAND,61839,0
DEWEY,61840,1
FAIRMOUNT,61841,1
FARMER CITY,61842,0
FISHER,61843,4
FITHIAN,61844,3
FOOSLAND,61845,0
GEORGETOWN,61846,3
GIFFORD,61847,2
HENNING,61848,0
HOMER,61849,1
INDIANOLA,61850,0
IVESDALE,61851,0
LONGVIEW,61852,1
MAHOMET,61853,48
MANSFIELD,61854,0
MILMINE,61855,0
MONTICELLO,61856,14
MUNCIE,61857,0
OAKWOOD,61858,3
OGDEN,61859,3
PENFIELD,61862,1
PESOTUM,61863,0
PHILO,61864,4
POTOMAC,61865,1
RANTOUL,61866,5
RIDGE FARM,61870,0
ROYAL,61871,0
SADORUS,61872,0
SAINT JOSEPH,61873,7
SAVOY,61874,34
SEYMOUR,61875,1
SIDELL,61876,1
SIDNEY,61877,3
THOMASBORO,61878,2
TOLONO,61880,3
WELDON,61882,0
WESTVILLE,61883,3
WHITE HEATH,61884,4
ARCOLA,61910,1
ARTHUR,61911,6
ASHMORE,61912,0
ATWOOD,61913,0
BETHANY,61914,0
BROCTON,61917,0
CAMARGO,61919,1
CHARLESTON,61920,19
CHRISMAN,61924,0
DALTON CITY,61925,2
GAYS,61928,2
HAMMOND,61929,0
HINDSBORO,61930,0
HUMBOLDT,61931,0
HUME,61932,0
KANSAS,61933,0
LA PLACE,61936,0
LOVINGTON,61937,1
MATTOON,61938,21
METCALF,61940,0
MURDOCK,61941,0
NEWMAN,61942,1
OAKLAND,61943,0
PARIS,61944,20
REDMON,61949,0
SULLIVAN,61951,5
TUSCOLA,61953,7
VERMILION,61955,0
VILLA GROVE,61956,4
WINDSOR,61957,3
ALHAMBRA,62001,2
ALTON,62002,39
BATCHTOWN,62006,0
BENLD,62009,1
BETHALTO,62010,14
BINGHAM,62011,0
BRIGHTON,62012,8
BRUSSELS,62013,0
BUNKER HILL,62014,0
BUTLER,62015,1
CARROLLTON,62016,1
COFFEEN,62017,0
COTTAGE HILLS,62018,1
DONNELLSON,62019,1
DORSEY,62021,1
DOW,62022,1
EAGARVILLE,62023,0
EAST ALTON,62024,10
EDWARDSVILLE,62025,119
EDWARDSVILLE,62026,0
ELDRED,62027,0
ELSAH,62028,1
FIDELITY,62030,0
FIELDON,62031,0
FILLMORE,62032,0
GILLESPIE,62033,4
GLEN CARBON,62034,62
GODFREY,62035,20
GOLDEN EAGLE,62036,1
GRAFTON,62037,4
GRANITE CITY,62040,35
GREENFIELD,62044,1
HAMBURG,62045,0
HAMEL,62046,4
HARDIN,62047,1
HARTFORD,62048,2
HILLSBORO,62049,4
HILLVIEW,62050,0
IRVING,62051,0
JERSEYVILLE,62052,12
KAMPSVILLE,62053,0
KANE,62054,0
LITCHFIELD,62056,8
LIVINGSTON,62058,0
LOVEJOY,62059,1
MADISON,62060,2
MARINE,62061,2
MARYVILLE,62062,27
MEDORA,62063,1
MICHAEL,62065,0
MORO,62067,4
MOUNT OLIVE,62069,3
MOZIER,62070,0
NATIONAL STOCK YARDS,62071,0
NEW DOUGLAS,62074,0
NOKOMIS,62075,0
OHLMAN,62076,0
PANAMA,62077,0
PATTERSON,62078,0
PIASA,62079,0
RAMSEY,62080,1
ROCKBRIDGE,62081,0
ROODHOUSE,62082,0
ROSAMOND,62083,0
ROXANA,62084,0
SAWYERVILLE,62085,0
SORENTO,62086,0
SOUTH ROXANA,62087,1
STAUNTON,62088,11
TAYLOR SPRINGS,62089,0
VENICE,62090,1
WALSHVILLE,62091,0
WHITE HALL,62092,0
WILSONVILLE,62093,0
WITT,62094,1
WOOD RIVER,62095,8
WORDEN,62097,0
WRIGHTS,62098,0
EAST SAINT LOUIS,62201,1
EAST SAINT LOUIS,62202,0
EAST SAINT LOUIS,62203,1
EAST SAINT LOUIS,62204,0
EAST SAINT LOUIS,62205,2
EAST SAINT LOUIS,62206,5
EAST SAINT LOUIS,62207,0
FAIRVIEW HEIGHTS,62208,38
ADDIEVILLE,62214,3
ALBERS,62215,1
AVISTON,62216,6
BALDWIN,62217,2
BARTELSO,62218,2
BECKEMEYER,62219,0
BELLEVILLE,62220,34
BELLEVILLE,62221,68
BELLEVILLE,62222,0
BELLEVILLE,62223,31
MASCOUTAH,62224,0
SCOTT AIR FORCE BASE,62225,8
BELLEVILLE,62226,58
BREESE,62230,10
CARLYLE,62231,10
CASEYVILLE,62232,24
CHESTER,62233,3
COLLINSVILLE,62234,33
COLUMBIA,62236,49
COULTERVILLE,62237,1
CUTLER,62238,0
DUPO,62239,2
EAST CARONDELET,62240,1
ELLIS GROVE,62241,0
EVANSVILLE,62242,0
FREEBURG,62243,8
FULTS,62244,0
GERMANTOWN,62245,3
GREENVILLE,62246,11
HAGARSTOWN,62247,0
HECKER,62248,0
HIGHLAND,62249,22
HOFFMAN,62250,0
HUEY,62252,0
KEYESPORT,62253,0
LEBANON,62254,9
LENZBURG,62255,0
MAEYSTOWN,62256,0
MARISSA,62257,5
MASCOUTAH,62258,26
MENARD,62259,0
MILLSTADT,62260,9
MODOC,62261,0
MULBERRY GROVE,62262,0
NASHVILLE,62263,4
NEW ATHENS,62264,4
NEW BADEN,62265,8
NEW MEMPHIS,62266,0
OAKDALE,62268,0
O FALLON,62269,114
OKAWVILLE,62271,2
PERCY,62272,1
PIERRON,62273,0
PINCKNEYVILLE,62274,2
POCAHONTAS,62275,5
PRAIRIE DU ROCHER,62277,0
RED BUD,62278,10
RENAULT,62279,0
ROCKWOOD,62280,0
SAINT JACOB,62281,7
SAINT LIBORY,62282,0
SMITHBORO,62284,0
SMITHTON,62285,3
SPARTA,62286,4
STEELEVILLE,62288,0
SUMMERFIELD,62289,0
TILDEN,62292,0
TRENTON,62293,4
TROY,62294,36
VALMEYER,62295,1
WALSH,62297,1
WATERLOO,62298,22
QUINCY,62301,15
QUINCY,62305,28
QUINCY,62306,0
ADRIAN,62310,0
AUGUSTA,62311,1
BARRY,62312,2
BASCO,62313,0
BAYLIS,62314,0
BOWEN,62316,0
CAMDEN,62319,0
CAMP POINT,62320,3
CARTHAGE,62321,2
CHAMBERSBURG,62323,0
CLAYTON,62324,0
COATSBURG,62325,0
COLCHESTER,62326,1
COLUSA,62329,0
DALLAS CITY,62330,3
ELVASTON,62334,0
FERRIS,62336,0
FOWLER,62338,3
GOLDEN,62339,0
GRIGGSVILLE,62340,0
HAMILTON,62341,1
HULL,62343,0
HUNTSVILLE,62344,0
KINDERHOOK,62345,0
LA PRAIRIE,62346,0
LIBERTY,62347,1
LIMA,62348,0
LORAINE,62349,0
MENDON,62351,0
MILTON,62352,0
MOUNT STERLING,62353,1
NAUVOO,62354,2
NEBO,62355,0
NEW CANTON,62356,1
NEW SALEM,62357,0
NIOTA,62358,0
PALOMA,62359,0
PAYSON,62360,0
PEARL,62361,0
PERRY,62362,0
PITTSFIELD,62363,3
PLAINVILLE,62365,0
PLEASANT HILL,62366,0
PLYMOUTH,62367,0
ROCKPORT,62370,0
SUTTER,62373,0
TENNESSEE,62374,0
TIMEWELL,62375,0
URSA,62376,0
VERSAILLES,62378,0
WARSAW,62379,0
WEST POINT,62380,0
EFFINGHAM,62401,18
ALLENDALE,62410,0
ALTAMONT,62411,0
ANNAPOLIS,62413,0
BEECHER CITY,62414,0
BIRDS,62415,0
BRIDGEPORT,62417,0
BROWNSTOWN,62418,1
CALHOUN,62419,0
CASEY,62420,3
CLAREMONT,62421,0
COWDEN,62422,0
DENNISON,62423,0
DIETERICH,62424,0
DUNDAS,62425,0
EDGEWOOD,62426,0
FLAT ROCK,62427,1
GREENUP,62428,1
HERRICK,62431,0
HIDALGO,62432,0
HUTSONVILLE,62433,0
INGRAHAM,62434,0
JANESVILLE,62435,0
JEWETT,62436,0
LAKEWOOD,62438,0
LAWRENCEVILLE,62439,5
LERNA,62440,0
MARSHALL,62441,7
MARTINSVILLE,62442,0
MASON,62443,0
MODE,62444,0
MONTROSE,62445,0
MOUNT ERIE,62446,0
NEOGA,62447,3
NEWTON,62448,1
OBLONG,62449,1
OLNEY,62450,3
PALESTINE,62451,1
PARKERSBURG,62452,0
ROBINSON,62454,2
SAINT ELMO,62458,1
SAINTE MARIE,62459,0
SAINT FRANCISVILLE,62460,0
SHUMWAY,62461,0
SIGEL,62462,0
STEWARDSON,62463,0
STOY,62464,0
STRASBURG,62465,0
SUMNER,62466,2
TEUTOPOLIS,62467,3
TOLEDO,62468,0
TRILLA,62469,0
VANDALIA,62471,3
WATSON,62473,2
WESTFIELD,62474,0
WEST LIBERTY,62475,0
WEST SALEM,62476,0
WEST UNION,62477,0
WEST YORK,62478,0
WHEELER,62479,0
WILLOW HILL,62480,0
YALE,62481,0
ARGENTA,62501,2
ASSUMPTION,62510,1
BEASON,62512,0
BLUE MOUND,62513,1
BOODY,62514,0
BUFFALO,62515,1
BULPITT,62517,0
CHESTNUT,62518,2
CORNLAND,62519,0
DAWSON,62520,1
DECATUR,62521,25
DECATUR,62522,15
DECATUR,62523,1
DECATUR,62524,0
DECATUR,62525,1
DECATUR,62526,17
DIVERNON,62530,0
EDINBURG,62531,2
ELWIN,62532,0
FARMERSVILLE,62533,0
FINDLAY,62534,0
FORSYTH,62535,11
GLENARM,62536,3
HARRISTOWN,62537,0
HARVEL,62538,0
ILLIOPOLIS,62539,0
KINCAID,62540,1
LAKE FORK,62541,0
LATHAM,62543,1
MACON,62544,0
MECHANICSBURG,62545,2
MORRISONVILLE,62546,0
MOUNT AUBURN,62547,0
MOUNT PULASKI,62548,2
MT ZION,62549,8
MOWEAQUA,62550,2
NIANTIC,62551,0
OCONEE,62553,0
OREANA,62554,2
OWANECO,62555,0
PALMER,62556,0
PANA,62557,2
PAWNEE,62558,2
RAYMOND,62560,0
RIVERTON,62561,5
ROCHESTER,62563,13
SHELBYVILLE,62565,2
STONINGTON,62567,0
TAYLORVILLE,62568,13
TOVEY,62570,0
TOWER HILL,62571,1
WAGGONER,62572,0
WARRENSBURG,62573,0
ALEXANDER,62601,0
ALSEY,62610,2
ARENZVILLE,62611,0
ASHLAND,62612,0
ATHENS,62613,4
AUBURN,62615,7
BATH,62617,0
BEARDSTOWN,62618,1
BLUFFS,62621,2
BLUFF SPRINGS,62622,0
BROWNING,62624,0
CANTRALL,62625,1
CARLINVILLE,62626,5
CHANDLERVILLE,62627,0
CHAPIN,62628,0
CHATHAM,62629,37
CHESTERFIELD,62630,0
CONCORD,62631,0
EASTON,62633,1
ELKHART,62634,2
EMDEN,62635,0
FRANKLIN,62638,2
FREDERICK,62639,0
GIRARD,62640,1
GREENVIEW,62642,2
HARTSBURG,62643,0
HAVANA,62644,8
HETTICK,62649,0
JACKSONVILLE,62650,15
JACKSONVILLE,62651,0
KILBOURNE,62655,0
LINCOLN,62656,4
LINCOLNS NEW SALEM,62659,0
LITERBERRY,62660,0
LOAMI,62661,0
LOWDER,62662,0
MANCHESTER,62663,1
MASON CITY,62664,0
MEREDOSIA,62665,0
MIDDLETOWN,62666,0
MODESTO,62667,0
MURRAYVILLE,62668,1
NEW BERLIN,62670,8
NEW HOLLAND,62671,0
NILWOOD,62672,0
OAKFORD,62673,0
PALMYRA,62674,0
PETERSBURG,62675,6
PLEASANT PLAINS,62677,8
RUSHVILLE,62681,2
SAN JOSE,62682,1
SCOTTVILLE,62683,0
SHERMAN,62684,13
SHIPMAN,62685,0
TALLULA,62688,1
THAYER,62689,1
VIRDEN,62690,3
VIRGINIA,62691,0
WAVERLY,62692,3
WILLIAMSVILLE,62693,3
WINCHESTER,62694,1
WOODSON,62695,0
SPRINGFIELD,62701,3
SPRINGFIELD,62702,28
SPRINGFIELD,62703,15
SPRINGFIELD,62704,107
SPRINGFIELD,62705,0
SPRINGFIELD,62706,0
SPRINGFIELD,62707,7
SPRINGFIELD,62708,0
SPRINGFIELD,62711,95
SPRINGFIELD,62712,31
SPRINGFIELD,62713,0
SPRINGFIELD,62715,0
SPRINGFIELD,62716,0
SPRINGFIELD,62719,0
SPRINGFIELD,62721,0
SPRINGFIELD,62722,0
SPRINGFIELD,62723,0
SPRINGFIELD,62726,0
SPRINGFIELD,62736,0
SPRINGFIELD,62739,0
SPRINGFIELD,62746,0
SPRINGFIELD,62756,0
SPRINGFIELD,62757,0
SPRINGFIELD,62761,0
SPRINGFIELD,62762,0
SPRINGFIELD,62763,0
SPRINGFIELD,62764,0
SPRINGFIELD,62765,0
SPRINGFIELD,62766,0
SPRINGFIELD,62767,0
SPRINGFIELD,62769,0
SPRINGFIELD,62776,0
SPRINGFIELD,62777,0
SPRINGFIELD,62781,0
SPRINGFIELD,62786,0
SPRINGFIELD,62791,0
SPRINGFIELD,62794,8
SPRINGFIELD,62796,0
CENTRALIA,62801,11
HOYLETON,62803,0
AKIN,62805,0
ALBION,62806,2
ALMA,62807,0
ASHLEY,62808,1
BARNHILL,62809,0
BELLE RIVE,62810,0
BELLMONT,62811,0
BENTON,62812,4
BLUFORD,62814,2
BONE GAP,62815,0
BONNIE,62816,0
BROUGHTON,62817,2
BROWNS,62818,0
BUCKNER,62819,0
BURNT PRAIRIE,62820,0
CARMI,62821,1
CHRISTOPHER,62822,2
CISNE,62823,0
CLAY CITY,62824,0
COELLO,62825,0
CROSSVILLE,62827,0
DAHLGREN,62828,0
DALE,62829,0
DIX,62830,1
DU BOIS,62831,0
DU QUOIN,62832,4
ELLERY,62833,0
EMMA,62834,0
ENFIELD,62835,0
EWING,62836,0
FAIRFIELD,62837,0
FARINA,62838,0
FLORA,62839,5
FRANKFORT HEIGHTS,62840,0
FREEMAN SPUR,62841,0
GEFF,62842,0
GOLDEN GATE,62843,0
GRAYVILLE,62844,0
INA,62846,0
IOLA,62847,0
IRVINGTON,62848,0
IUKA,62849,0
JOHNSONVILLE,62850,0
KEENES,62851,0
KEENSBURG,62852,0
KELL,62853,0
KINMUNDY,62854,0
LANCASTER,62855,0
LOGAN,62856,0
LOOGOOTEE,62857,0
LOUISVILLE,62858,1
MC LEANSBORO,62859,0
MACEDONIA,62860,0
MAUNIE,62861,0
MILL SHOALS,62862,0
MOUNT CARMEL,62863,3
MOUNT VERNON,62864,21
MULKEYTOWN,62865,2
NASON,62866,0
NEW HAVEN,62867,0
NOBLE,62868,0
NORRIS CITY,62869,2
ODIN,62870,0
OMAHA,62871,0
OPDYKE,62872,0
ORIENT,62874,0
PATOKA,62875,0
RADOM,62876,0
RICHVIEW,62877,0
RINARD,62878,0
SAILOR SPRINGS,62879,0
SAINT PETER,62880,0
SALEM,62881,11
SANDOVAL,62882,0
SCHELLER,62883,0
SESSER,62884,0
SHOBONIER,62885,0
SIMS,62886,0
SPRINGERTON,62887,0
TAMAROA,62888,0
TEXICO,62889,2
THOMPSONVILLE,62890,1
VALIER,62891,0
VERNON,62892,0
WALNUT HILL,62893,0
WALTONVILLE,62894,0
WAYNE CITY,62895,1
WEST FRANKFORT,62896,6
WHITTINGTON,62897,1
WOODLAWN,62898,3
XENIA,62899,0
CARBONDALE,62901,31
CARBONDALE,62902,7
CARBONDALE,62903,4
ALTO PASS,62905,1
ANNA,62906,2
AVA,62907,0
BELKNAP,62908,1
BOLES,62909,0
BROOKPORT,62910,1
BUNCOMBE,62912,0
CAIRO,62914,0
CAMBRIA,62915,0
CAMPBELL HILL,62916,0
CARRIER MILLS,62917,0
CARTERVILLE,62918,23
CAVE IN ROCK,62919,0
COBDEN,62920,6
COLP,62921,0
CREAL SPRINGS,62922,1
CYPRESS,62923,0
DE SOTO,62924,1
DONGOLA,62926,2
DOWELL,62927,0
EDDYVILLE,62928,0
ELDORADO,62930,2
ELIZABETHTOWN,62931,0
ELKVILLE,62932,3
ENERGY,62933,0
EQUALITY,62934,0
GALATIA,62935,0
GOLCONDA,62938,0
GOREVILLE,62939,2
GORHAM,62940,1
GRAND CHAIN,62941,0
GRAND TOWER,62942,0
GRANTSBURG,62943,0
HAMLETSBURG,62944,0
HARRISBURG,62946,4
HEROD,62947,0
HERRIN,62948,6
HURST,62949,0
JACOB,62950,0
JOHNSTON CITY,62951,8
JONESBORO,62952,0
JOPPA,62953,0
JUNCTION,62954,0
KARBERS RIDGE,62955,0
KARNAK,62956,0
MC CLURE,62957,0
MAKANDA,62958,7
MARION,62959,20
METROPOLIS,62960,8
MILLCREEK,62961,0
MILLER CITY,62962,0
MOUND CITY,62963,0
MOUNDS,62964,1
MUDDY,62965,0
MURPHYSBORO,62966,10
NEW BURNSIDE,62967,0
OLIVE BRANCH,62969,0
OLMSTED,62970,0
ORAVILLE,62971,0
OZARK,62972,0
PERKS,62973,0
PITTSBURG,62974,0
POMONA,62975,0
PULASKI,62976,0
RALEIGH,62977,0
RIDGWAY,62979,1
ROSICLARE,62982,0
ROYALTON,62983,1
SHAWNEETOWN,62984,0
SIMPSON,62985,0
STONEFORT,62987,1
TAMMS,62988,0
THEBES,62990,1
ULLIN,62992,1
UNITY,62993,0
VERGENNES,62994,1
VIENNA,62995,0
VILLA RIDGE,62996,0
WILLISVILLE,62997,0
WOLF LAKE,62998,0
ZEIGLER,62999,0
UNKNOWN,99999,328
